{"v":"5.1.17","fr":30,"ip":0,"op":164,"w":150,"h":35,"nm":"Loading Dots","ddd":0,"assets":[],"layers":[{"ddd":0,"ind":1,"ty":4,"nm":"Loading Dots Outlines","sr":1,"ks":{"o":{"a":0,"k":100,"ix":11},"r":{"a":0,"k":0,"ix":10},"p":{"a":0,"k":[75,20,0],"ix":2},"a":{"a":0,"k":[100,100,0],"ix":1},"s":{"a":0,"k":[100,100,100],"ix":6}},"ao":0,"shapes":[{"ty":"gr","it":[{"ind":0,"ty":"sh","ix":1,"ks":{"a":0,"k":{"i":[[0,-5.523],[5.522,0],[0,5.522],[-5.523,0]],"o":[[0,5.522],[-5.523,0],[0,-5.523],[5.522,0]],"v":[[10,0],[0,10],[-10,0],[0,-10]],"c":true},"ix":2},"nm":"Path 1","mn":"ADBE Vector Shape - Group","hd":false},{"ty":"fl","c":{"a":0,"k":[1,1,1,1],"ix":4},"o":{"a":0,"k":100,"ix":5},"r":1,"nm":"Fill 1","mn":"ADBE Vector Graphic - Fill","hd":false},{"ty":"tr","p":{"a":1,"k":[{"i":{"x":0.667,"y":0.667},"o":{"x":0.333,"y":0.333},"n":"0p667_0p667_0p333_0p333","t":0,"s":[99,97],"e":[99,97],"to":[0,0],"ti":[0,0]},{"i":{"x":0.667,"y":1},"o":{"x":0.358,"y":0.821},"n":"0p667_1_0p358_0p821","t":3,"s":[99,97],"e":[95,97],"to":[-0.66666668653488,0],"ti":[0,0]},{"i":{"x":0.667,"y":1},"o":{"x":0.383,"y":1},"n":"0p667_1_0p383_1","t":25,"s":[95,97],"e":[99,97],"to":[0,0],"ti":[-0.66666668653488,0]},{"i":{"x":0.667,"y":0.667},"o":{"x":0.333,"y":0.333},"n":"0p667_0p667_0p333_0p333","t":50,"s":[99,97],"e":[99,97],"to":[0,0],"ti":[0,0]},{"i":{"x":0.667,"y":1},"o":{"x":0.426,"y":1},"n":"0p667_1_0p426_1","t":82,"s":[99,97],"e":[103,97],"to":[0.66666668653488,0],"ti":[0,0]},{"i":{"x":0.667,"y":1},"o":{"x":0.355,"y":1},"n":"0p667_1_0p355_1","t":103,"s":[103,97],"e":[99,97],"to":[0,0],"ti":[0.66666668653488,0]},{"t":127}],"ix":2},"a":{"a":0,"k":[0,0],"ix":1},"s":{"a":1,"k":[{"i":{"x":[0.94,0.94],"y":[0.718,0.718]},"o":{"x":[0.317,0.317],"y":[0,0]},"n":["0p94_0p718_0p317_0","0p94_0p718_0p317_0"],"t":0,"s":[150,150],"e":[130,130]},{"i":{"x":[0.94,0.94],"y":[0.709,0.709]},"o":{"x":[0.325,0.325],"y":[0.077,0.077]},"n":["0p94_0p709_0p325_0p077","0p94_0p709_0p325_0p077"],"t":5,"s":[130,130],"e":[115,115]},{"i":{"x":[0.954,0.954],"y":[0.023,0.023]},"o":{"x":[0.399,0.399],"y":[-0.005,-0.005]},"n":["0p954_0p023_0p399_-0p005","0p954_0p023_0p399_-0p005"],"t":10,"s":[115,115],"e":[80,80]},{"i":{"x":[0.833,0.833],"y":[1,1]},"o":{"x":[0.167,0.167],"y":[0,0]},"n":["0p833_1_0p167_0","0p833_1_0p167_0"],"t":35,"s":[80,80],"e":[110,110]},{"i":{"x":[0.833,0.833],"y":[1,1]},"o":{"x":[0.167,0.167],"y":[0,0]},"n":["0p833_1_0p167_0","0p833_1_0p167_0"],"t":40,"s":[110,110],"e":[90,90]},{"i":{"x":[0.833,0.833],"y":[1,1]},"o":{"x":[0.167,0.167],"y":[0,0]},"n":["0p833_1_0p167_0","0p833_1_0p167_0"],"t":45,"s":[90,90],"e":[100,100]},{"i":{"x":[0.833,0.833],"y":[1,1]},"o":{"x":[0.167,0.167],"y":[0,0]},"n":["0p833_1_0p167_0","0p833_1_0p167_0"],"t":50,"s":[100,100],"e":[100,100]},{"i":{"x":[0.833,0.833],"y":[1,1]},"o":{"x":[0.167,0.167],"y":[0,0]},"n":["0p833_1_0p167_0","0p833_1_0p167_0"],"t":73,"s":[100,100],"e":[150,150]},{"i":{"x":[0.94,0.94],"y":[0.729,0.729]},"o":{"x":[0.167,0.167],"y":[0,0]},"n":["0p94_0p729_0p167_0","0p94_0p729_0p167_0"],"t":80,"s":[150,150],"e":[130,130]},{"i":{"x":[0.94,0.94],"y":[0.709,0.709]},"o":{"x":[0.325,0.325],"y":[0.077,0.077]},"n":["0p94_0p709_0p325_0p077","0p94_0p709_0p325_0p077"],"t":85,"s":[130,130],"e":[115,115]},{"i":{"x":[0.954,0.954],"y":[0.023,0.023]},"o":{"x":[0.399,0.399],"y":[-0.004,-0.004]},"n":["0p954_0p023_0p399_-0p004","0p954_0p023_0p399_-0p004"],"t":90.2,"s":[115,115],"e":[80,80]},{"i":{"x":[0.833,0.833],"y":[1,1]},"o":{"x":[0.167,0.167],"y":[0,0]},"n":["0p833_1_0p167_0","0p833_1_0p167_0"],"t":113.2,"s":[80,80],"e":[110,110]},{"i":{"x":[0.833,0.833],"y":[1,1]},"o":{"x":[0.167,0.167],"y":[0,0]},"n":["0p833_1_0p167_0","0p833_1_0p167_0"],"t":117.801,"s":[110,110],"e":[90,90]},{"i":{"x":[0.833,0.833],"y":[1,1]},"o":{"x":[0.167,0.167],"y":[0,0]},"n":["0p833_1_0p167_0","0p833_1_0p167_0"],"t":122.399,"s":[90,90],"e":[100,100]},{"i":{"x":[0.833,0.833],"y":[1,1]},"o":{"x":[0.167,0.167],"y":[0,0]},"n":["0p833_1_0p167_0","0p833_1_0p167_0"],"t":127,"s":[100,100],"e":[100,100]},{"i":{"x":[0.833,0.833],"y":[1,1]},"o":{"x":[0.167,0.167],"y":[0,0]},"n":["0p833_1_0p167_0","0p833_1_0p167_0"],"t":155.72,"s":[100,100],"e":[150,150]},{"t":163}],"ix":3},"r":{"a":0,"k":0,"ix":6},"o":{"a":0,"k":100,"ix":7},"sk":{"a":0,"k":0,"ix":4},"sa":{"a":0,"k":0,"ix":5},"nm":"Transform"}],"nm":"Dot Big","np":2,"cix":2,"ix":1,"mn":"ADBE Vector Group","hd":false},{"ty":"gr","it":[{"ind":0,"ty":"sh","ix":1,"ks":{"a":0,"k":{"i":[[1.636,0.49],[0,0],[0,2.374],[-2.275,0.682],[0,0],[0,-1.708],[0,0]],"o":[[0,0],[-2.275,-0.683],[0,-2.374],[0,0],[1.636,-0.49],[0,0],[0,1.708]],"v":[[6.718,9.016],[-6.168,5.15],[-10,-0.001],[-6.168,-5.15],[6.718,-9.016],[10,-6.574],[10,6.574]],"c":true},"ix":2},"nm":"Path 1","mn":"ADBE Vector Shape - Group","hd":false},{"ty":"fl","c":{"a":0,"k":[1,1,1,1],"ix":4},"o":{"a":0,"k":100,"ix":5},"r":1,"nm":"Fill 1","mn":"ADBE Vector Graphic - Fill","hd":false},{"ty":"tr","p":{"a":0,"k":[99,97],"ix":2},"a":{"a":0,"k":[10,0],"ix":1},"s":{"a":1,"k":[{"i":{"x":[0.833,0.833],"y":[1,1]},"o":{"x":[0.333,0.333],"y":[0,0]},"n":["0p833_1_0p333_0","0p833_1_0p333_0"],"t":0,"s":[0,142],"e":[132,122]},{"i":{"x":[0.833,0.833],"y":[1,1]},"o":{"x":[0.167,0.167],"y":[0,0]},"n":["0p833_1_0p167_0","0p833_1_0p167_0"],"t":4,"s":[132,122],"e":[61,120]},{"i":{"x":[0.833,0.833],"y":[1,1]},"o":{"x":[0.167,0.167],"y":[0,0]},"n":["0p833_1_0p167_0","0p833_1_0p167_0"],"t":6,"s":[61,120],"e":[118,120]},{"i":{"x":[0.833,0.833],"y":[1,1]},"o":{"x":[0.167,0.167],"y":[0,0]},"n":["0p833_1_0p167_0","0p833_1_0p167_0"],"t":10,"s":[118,120],"e":[41,110]},{"i":{"x":[0.833,0.833],"y":[1,1]},"o":{"x":[0.167,0.167],"y":[0,0]},"n":["0p833_1_0p167_0","0p833_1_0p167_0"],"t":12,"s":[41,110],"e":[117,109]},{"i":{"x":[0.97,0.97],"y":[0.43,0.68]},"o":{"x":[0.167,0.723],"y":[0,-0.104]},"n":["0p97_0p43_0p167_0","0p97_0p68_0p723_-0p104"],"t":25,"s":[117,109],"e":[30,76]},{"i":{"x":[0.833,0.833],"y":[1,1]},"o":{"x":[0.167,0.167],"y":[0,0]},"n":["0p833_1_0p167_0","0p833_1_0p167_0"],"t":35,"s":[30,76],"e":[30,76]},{"i":{"x":[0.833,0.833],"y":[1,1]},"o":{"x":[0.167,0.167],"y":[0,0]},"n":["0p833_1_0p167_0","0p833_1_0p167_0"],"t":63,"s":[30,76],"e":[71,96]},{"i":{"x":[0.833,0.833],"y":[1,1]},"o":{"x":[0.167,0.167],"y":[0,0]},"n":["0p833_1_0p167_0","0p833_1_0p167_0"],"t":68,"s":[71,96],"e":[51,96]},{"i":{"x":[0.833,0.833],"y":[1,1]},"o":{"x":[0.167,0.167],"y":[0,0]},"n":["0p833_1_0p167_0","0p833_1_0p167_0"],"t":73,"s":[51,96],"e":[77,96]},{"i":{"x":[0.833,0.833],"y":[1,1]},"o":{"x":[0.167,0.167],"y":[0,0]},"n":["0p833_1_0p167_0","0p833_1_0p167_0"],"t":76,"s":[77,96],"e":[81,144]},{"i":{"x":[0.833,0.833],"y":[1,1]},"o":{"x":[0.167,0.167],"y":[0,0]},"n":["0p833_1_0p167_0","0p833_1_0p167_0"],"t":78,"s":[81,144],"e":[-88,144]},{"i":{"x":[0.833,0.833],"y":[1,1]},"o":{"x":[0.167,0.167],"y":[0,0]},"n":["0p833_1_0p167_0","0p833_1_0p167_0"],"t":81,"s":[-88,144],"e":[-52,144]},{"i":{"x":[0.833,0.833],"y":[1,1]},"o":{"x":[0.167,0.167],"y":[0,0]},"n":["0p833_1_0p167_0","0p833_1_0p167_0"],"t":85,"s":[-52,144],"e":[-98,127]},{"i":{"x":[0.833,0.833],"y":[1,1]},"o":{"x":[0.167,0.167],"y":[0,0]},"n":["0p833_1_0p167_0","0p833_1_0p167_0"],"t":88,"s":[-98,127],"e":[-63,103]},{"i":{"x":[0.833,0.833],"y":[1,1]},"o":{"x":[0.167,0.167],"y":[0,0]},"n":["0p833_1_0p167_0","0p833_1_0p167_0"],"t":92,"s":[-63,103],"e":[-119,103]},{"i":{"x":[0.833,0.833],"y":[1,1]},"o":{"x":[0.167,0.167],"y":[0,0]},"n":["0p833_1_0p167_0","0p833_1_0p167_0"],"t":110,"s":[-119,103],"e":[-37,85]},{"i":{"x":[0.833,0.833],"y":[1,1]},"o":{"x":[0.167,0.167],"y":[0,0]},"n":["0p833_1_0p167_0","0p833_1_0p167_0"],"t":115,"s":[-37,85],"e":[-37,85]},{"i":{"x":[0.833,0.833],"y":[1,1]},"o":{"x":[0.167,0.167],"y":[0,0]},"n":["0p833_1_0p167_0","0p833_1_0p167_0"],"t":143,"s":[-37,85],"e":[-75,85]},{"i":{"x":[0.833,0.833],"y":[1,1]},"o":{"x":[0.167,0.167],"y":[0,0]},"n":["0p833_1_0p167_0","0p833_1_0p167_0"],"t":147,"s":[-75,85],"e":[-61,85]},{"i":{"x":[0.833,0.833],"y":[1,1]},"o":{"x":[0.167,0.167],"y":[0,0]},"n":["0p833_1_0p167_0","0p833_1_0p167_0"],"t":156,"s":[-61,85],"e":[-39,85]},{"i":{"x":[0.833,0.833],"y":[1,1]},"o":{"x":[0.167,0.167],"y":[0,0]},"n":["0p833_1_0p167_0","0p833_1_0p167_0"],"t":159,"s":[-39,85],"e":[-81,125]},{"i":{"x":[0.833,0.833],"y":[1,1]},"o":{"x":[0.167,0.167],"y":[0,0]},"n":["0p833_1_0p167_0","0p833_1_0p167_0"],"t":160,"s":[-81,125],"e":[-96,133]},{"t":161}],"ix":3},"r":{"a":0,"k":0,"ix":6},"o":{"a":0,"k":100,"ix":7},"sk":{"a":0,"k":0,"ix":4},"sa":{"a":0,"k":0,"ix":5},"nm":"Transform"}],"nm":"Connect","np":2,"cix":2,"ix":2,"mn":"ADBE Vector Group","hd":false},{"ty":"gr","it":[{"ind":0,"ty":"sh","ix":1,"ks":{"a":0,"k":{"i":[[0,-2.761],[2.762,0],[0,2.761],[-2.762,0]],"o":[[0,2.761],[-2.762,0],[0,-2.761],[2.762,0]],"v":[[5,0],[0,5],[-5,0],[0,-5]],"c":true},"ix":2},"nm":"Path 1","mn":"ADBE Vector Shape - Group","hd":false},{"ty":"fl","c":{"a":0,"k":[1,1,1,1],"ix":4},"o":{"a":0,"k":100,"ix":5},"r":1,"nm":"Fill 1","mn":"ADBE Vector Graphic - Fill","hd":false},{"ty":"tr","p":{"a":1,"k":[{"i":{"x":0.667,"y":1},"o":{"x":0.202,"y":1},"n":"0p667_1_0p202_1","t":0,"s":[98.875,97],"e":[40,97],"to":[-9.8125,0],"ti":[-0.00416666688398,0]},{"i":{"x":0.921,"y":0},"o":{"x":0.167,"y":0},"n":"0p921_0_0p167_0","t":40,"s":[40,97],"e":[98.9,97],"to":[0.00416666688398,0],"ti":[-19.4833335876465,0]},{"i":{"x":0.809,"y":1},"o":{"x":0.069,"y":1},"n":"0p809_1_0p069_1","t":79,"s":[98.9,97],"e":[156.9,97],"to":[19.4833335876465,0],"ti":[0,0]},{"i":{"x":0.922,"y":0},"o":{"x":0.167,"y":0},"n":"0p922_0_0p167_0","t":124,"s":[156.9,97],"e":[98.9,97],"to":[0,0],"ti":[9.66666698455811,0]},{"t":163}],"ix":2},"a":{"a":0,"k":[0,0],"ix":1},"s":{"a":0,"k":[100,100],"ix":3},"r":{"a":0,"k":0,"ix":6},"o":{"a":0,"k":100,"ix":7},"sk":{"a":0,"k":0,"ix":4},"sa":{"a":0,"k":0,"ix":5},"nm":"Transform"}],"nm":"Dot 3","np":2,"cix":2,"ix":3,"mn":"ADBE Vector Group","hd":false},{"ty":"gr","it":[{"ind":0,"ty":"sh","ix":1,"ks":{"a":0,"k":{"i":[[0,-2.761],[2.762,0],[0,2.761],[-2.762,0]],"o":[[0,2.761],[-2.762,0],[0,-2.761],[2.762,0]],"v":[[5,0],[0,5],[-5,0],[0,-5]],"c":true},"ix":2},"nm":"Path 1","mn":"ADBE Vector Shape - Group","hd":false},{"ty":"fl","c":{"a":0,"k":[1,1,1,1],"ix":4},"o":{"a":0,"k":100,"ix":5},"r":1,"nm":"Fill 1","mn":"ADBE Vector Graphic - Fill","hd":false},{"ty":"tr","p":{"a":1,"k":[{"i":{"x":0.667,"y":1},"o":{"x":0.156,"y":1},"n":"0p667_1_0p156_1","t":5,"s":[98.875,97],"e":[59,97],"to":[-6.64583349227905,0],"ti":[-0.00416666688398,0]},{"i":{"x":0.809,"y":0},"o":{"x":0.167,"y":0},"n":"0p809_0_0p167_0","t":40,"s":[59,97],"e":[98.9,97],"to":[0.00416666688398,0],"ti":[-6.65000009536743,0]},{"i":{"x":0.724,"y":0.724},"o":{"x":0.276,"y":0.276},"n":"0p724_0p724_0p276_0p276","t":80,"s":[98.9,97],"e":[98.9,97],"to":[0,0],"ti":[0,0]},{"i":{"x":0.727,"y":1},"o":{"x":0.078,"y":1},"n":"0p727_1_0p078_1","t":84,"s":[98.9,97],"e":[138.9,97],"to":[6.66666650772095,0],"ti":[0,0]},{"i":{"x":0.859,"y":0},"o":{"x":0.167,"y":0},"n":"0p859_0_0p167_0","t":124,"s":[138.9,97],"e":[98.9,97],"to":[0,0],"ti":[6.66666650772095,0]},{"t":163}],"ix":2},"a":{"a":0,"k":[0,0],"ix":1},"s":{"a":0,"k":[100,100],"ix":3},"r":{"a":0,"k":0,"ix":6},"o":{"a":0,"k":100,"ix":7},"sk":{"a":0,"k":0,"ix":4},"sa":{"a":0,"k":0,"ix":5},"nm":"Transform"}],"nm":"Dot 2","np":2,"cix":2,"ix":4,"mn":"ADBE Vector Group","hd":false},{"ty":"gr","it":[{"ind":0,"ty":"sh","ix":1,"ks":{"a":0,"k":{"i":[[0,-2.761],[2.762,0],[0,2.761],[-2.762,0]],"o":[[0,2.761],[-2.762,0],[0,-2.761],[2.762,0]],"v":[[5,0],[0,5],[-5,0],[0,-5]],"c":true},"ix":2},"nm":"Path 1","mn":"ADBE Vector Shape - Group","hd":false},{"ty":"fl","c":{"a":0,"k":[1,1,1,1],"ix":4},"o":{"a":0,"k":100,"ix":5},"r":1,"nm":"Fill 1","mn":"ADBE Vector Graphic - Fill","hd":false},{"ty":"tr","p":{"a":1,"k":[{"i":{"x":0.667,"y":1},"o":{"x":0.1,"y":1},"n":"0p667_1_0p1_1","t":10,"s":[98.875,97],"e":[77,97],"to":[-3.64583325386047,0],"ti":[-0.00416666688398,0]},{"i":{"x":0.776,"y":0.447},"o":{"x":0.666,"y":0},"n":"0p776_0p447_0p666_0","t":40,"s":[77,97],"e":[98.9,97],"to":[0.00416666688398,0],"ti":[-3.65000009536743,0]},{"i":{"x":0.776,"y":0.776},"o":{"x":0.167,"y":0.167},"n":"0p776_0p776_0p167_0p167","t":80,"s":[98.9,97],"e":[98.9,97],"to":[0,0],"ti":[0,0]},{"i":{"x":0.815,"y":1},"o":{"x":0.086,"y":1},"n":"0p815_1_0p086_1","t":89,"s":[98.9,97],"e":[120.9,97],"to":[3.66666674613953,0],"ti":[0,0]},{"i":{"x":0.844,"y":0.343},"o":{"x":0.325,"y":0},"n":"0p844_0p343_0p325_0","t":124,"s":[120.9,97],"e":[98.9,97],"to":[0,0],"ti":[3.66666674613953,0]},{"t":163}],"ix":2},"a":{"a":0,"k":[0,0],"ix":1},"s":{"a":0,"k":[100,100],"ix":3},"r":{"a":0,"k":0,"ix":6},"o":{"a":0,"k":100,"ix":7},"sk":{"a":0,"k":0,"ix":4},"sa":{"a":0,"k":0,"ix":5},"nm":"Transform"}],"nm":"Dot 1","np":2,"cix":2,"ix":5,"mn":"ADBE Vector Group","hd":false}],"ip":0,"op":164,"st":0,"bm":0}],"markers":[]}